id,age,city
1,1,Waśniów
2,2,Qingliu
3,3,Nusajaya
4,4,Skoroszyce
5,5,Safotulafai
6,6,Rumbek
7,7,Cengang
8,8,Pervomayskoye
9,9,Tembongraja
10,10,Fray Bentos
11,11,Bằng Lũng
12,12,Criciúma
13,13,Židlochovice
14,14,Zipaquirá
15,15,Watulabara
16,16,Gjoa Haven
17,17,Sioguí Arriba
18,18,Yëlkino
19,19,Zuénoula
20,20,San Martín Zapotitlán
21,21,Yeoju
22,22,Umeå
23,23,Boa Esperança
24,24,Bonoua
25,25,Newport
26,26,Mvuma
27,27,Saint Cloud
28,28,Heping
29,29,Linköping
30,30,Kohlu
31,31,Rego de Água
32,32,Seara
33,33,Sumberan
34,34,Al ‘Āliyah
35,35,Orleans
36,36,Telč
37,37,Merkezköy
38,38,Mikulintsy
39,39,Priiskovyy
40,40,Gaillac
41,41,Alpūrai
42,42,Telagaselaba
43,43,Xinjiezhen
44,44,Lyskovo
45,45,Tršić
46,46,Akhtopol
47,47,Strumica
48,48,Torreira
49,49,Kampungruweh
50,50,Libas
51,51,Chengbei
52,52,Sidi Bousber
53,53,Yazd
54,54,Pingwang
55,55,Seattle
56,56,Nangka
57,57,Jianshe
58,58,Muli
59,59,Saýat
60,60,Padang
61,61,Zaleszany
62,62,Hanamaki
63,63,Lālmohan
64,64,Gourma Rharous
65,65,Mzimba
66,66,Longhua
67,67,New York City
68,68,Wongka
69,69,Kosiv
70,70,Bothaville
71,71,Monte de Fralães
72,72,Sanyantang
73,73,Verkhniy Baskunchak
74,74,Bakung
75,75,Bang Yai
76,76,Casal dos Bernardos
77,77,Krajan Tengah
78,78,Puračić
79,79,Lubochnia
80,80,Dolní Kounice
81,81,Uchkulan
82,82,Lyon
83,83,Galátsi
84,84,Gaide
85,85,Kuštilj
86,86,Bayanhoshuu
87,87,Itoigawa
88,88,Quellouno
89,89,Burlatskoye
90,90,General Vedia
91,91,Nantang
92,92,Getazat
93,93,Sukorejo
94,94,Janas
95,95,Przemków
96,96,Trebisht-Muçinë
97,97,Karangtengah
98,98,Panacan
99,99,Grzybowa Góra
100,100,Ḩajjah
101,101,Notranje Gorice
102,102,Mnich
103,103,Khabarovsk
104,104,Duyure
105,105,Envigado
106,106,Pau
107,107,San Juan del Cesar
108,108,Villach
109,109,Drohiczyn
110,110,Tegalgede
111,111,Lanling
112,112,Giraldo
113,113,El Hamma
114,114,Oranzherei
115,115,Bali
116,116,Novi Travnik
117,117,Tucuruí
118,118,Xingfu
119,119,Wentugaole
120,120,Khon Buri
121,121,Phoenix
122,122,Gaiyang
123,123,Yufrus
124,124,Sexiong
125,125,Leifeng
126,126,Yuanquan
127,127,Laiguangying
128,128,Parelhas
129,129,Mîndreşti
130,130,Songea
131,131,Polje
132,132,Al ‘Awjah
133,133,Ambositra
134,134,Richmond
135,135,Vitória do Mearim
136,136,Kotawaikabubak
137,137,Zuocun
138,138,Tama
139,139,Huallanca
140,140,Takahashi
141,141,Kaduengang
142,142,Malkā
143,143,Orzech
144,144,Matanog
145,145,Mishixiang
146,146,Mari
147,147,Sumbergebang
148,148,São Sebastião
149,149,Nanshan
150,150,Qingshandi
151,151,Jindong
152,152,Arraial do Cabo
153,153,San Antonio
154,154,Prince Albert
155,155,Antrukan
156,156,Shibīn al Qanāţir
157,157,Carthage
158,158,Emporeío
159,159,Mataloko
160,160,Wuyo
161,161,Jajaway
162,162,Imām Şāḩib
163,163,Kabacan
164,164,Telč
165,165,Falun
166,166,Shixi
167,167,Baniachang
168,168,Sarmanovo
169,169,Chavusy
170,170,Hujiagou
171,171,Yuping
172,172,Kema
173,173,Pirojpur
174,174,Colón
175,175,Lubenia
176,176,Nosy Varika
177,177,Gunungkendeng
178,178,Kongsvinger
179,179,Melfort
180,180,Draguignan
181,181,Cradock
182,182,Xicheng
183,183,Cesson
184,184,Yutou
185,185,Vyselki
186,186,Nusajaya
187,187,Batatais
188,188,Turze Pole
189,189,Volokonovka
190,190,Kayasula
191,191,Chengyue
192,192,Bangbayang
193,193,Fovissste
194,194,Khokhryaki
195,195,Kertanegla
196,196,Constantia
197,197,Jambulang
198,198,Yoshkar-Ola
199,199,Kyzyldzhar
200,200,Anzhero-Sudzhensk
201,201,Chillia
202,202,Pandi
203,203,Huquan
204,204,Vuhlehirs’k
205,205,Yangping
206,206,Banaybanay
207,207,Kantharalak
208,208,San Rafael
209,209,Banqiao
210,210,Tangtuzhui
211,211,Rennes
212,212,Myronivka
213,213,Florencia
214,214,Strathmore
215,215,Jevremovac
216,216,Skrunda
217,217,Dashev
218,218,Saki
219,219,Barroso
220,220,Pasrukrajan Satu
221,221,Solec-Zdrój
222,222,Johor Bahru
223,223,Canedo
224,224,Chalon-sur-Saône
225,225,Ōtsuchi
226,226,Perjuangan
227,227,Helixi
228,228,Kapasan
229,229,Lipov
230,230,Ipueiras
231,231,Jianxin
232,232,Cavinti
233,233,Tamontaka
234,234,Si Thep
235,235,Bianxiong
236,236,Poitiers
237,237,Wangzha
238,238,Cipaku
239,239,Velyki Sorochyntsi
240,240,Benito Juarez
241,241,Jiuheyuan
242,242,Alibunan
243,243,Maguan
244,244,Przesmyki
245,245,Obo
246,246,Tulcán
247,247,Gombe
248,248,Maizuru
249,249,Santa Maria
250,250,Wedoro
251,251,Yezhou
252,252,Irvine
253,253,Lupao
254,254,Wanbu
255,255,Germiston
256,256,Zhangcun
257,257,Partenit
258,258,Farmington
259,259,Niquero
260,260,Lieksa
261,261,Hukou
262,262,Nanhu
263,263,Montrouge
264,264,Saratamata
265,265,Astromil
266,266,Genisséa
267,267,Hrazdan
268,268,Wanghu
269,269,Nikel’
270,270,Gao’an
271,271,Matabao
272,272,Pavlodar
273,273,Taoyuan
274,274,Padamulya
275,275,Manzanillo
276,276,Leuweheq
277,277,Jamaica
278,278,Malabar
279,279,Zhuxi
280,280,Coelho Neto
281,281,Babahoyo
282,282,Ban Phan Don
283,283,Fort Worth
284,284,Dammarie-les-Lys
285,285,Chivilcoy
286,286,Valencia
287,287,Dulangan
288,288,Almelo
289,289,Echarate
290,290,Los Aquijes
291,291,Fukuroi
292,292,Fuying
293,293,Sigeng
294,294,Dongdong
295,295,Dianbu
296,296,Tân An
297,297,Jinshan
298,298,Wao
299,299,Zubūbah
300,300,Sutton
301,301,Acas
302,302,Doghs
303,303,Los Palacios
304,304,Cincinnati
305,305,Thākurgaon
306,306,Leer
307,307,Fresno
308,308,Kosai-shi
309,309,Qiaojia
310,310,Al ‘Ashshah
311,311,Agiásos
312,312,Svirsk
313,313,Paris 16
314,314,Hyesan-dong
315,315,Nanqiao
316,316,Dandai
317,317,Shibganj
318,318,Banjar Tengah
319,319,Babakansalam
320,320,Turenki
321,321,Hanggan
322,322,Kadupinang
323,323,Yueyang
324,324,Dagkar
325,325,Wakaseko
326,326,Getafe
327,327,Ngandangan
328,328,Panite
329,329,Houston
330,330,Maciejowice
331,331,Horgo
332,332,Santo Amaro
333,333,Luts’k
334,334,Kawayan
335,335,Wuxia
336,336,Pagelaran
337,337,Kolomanu
338,338,Baicun
339,339,Sritanjung
340,340,Caluire-et-Cuire
341,341,Eisen
342,342,Pa Tio
343,343,Liudu
344,344,Yasothon
345,345,Cimuncang
346,346,Falefa
347,347,Marcabal
348,348,Iracemápolis
349,349,Mende
350,350,Tanzhesi
351,351,Marang
352,352,Bang Rak
353,353,San Martín Zapotitlán
354,354,Kutno
355,355,Carice
356,356,Sungaiduri
357,357,Kari
358,358,Infanta
359,359,Molina
360,360,Nawal
361,361,Dolní Dunajovice
362,362,Ilek
363,363,Messina
364,364,Mbocayaty
365,365,Cova Figueira
366,366,Kuangsan
367,367,Guangchen
368,368,Limboto
369,369,Sigiriya
370,370,Kakamega
371,371,Nanjing
372,372,Tawau
373,373,Bakıxanov
374,374,Leština
375,375,Bajingzi
376,376,Karabas
377,377,Brasília de Minas
378,378,Ili
379,379,Imulolong
380,380,Sigiriya
381,381,Santana do Ipanema
382,382,Arnhem
383,383,Balayan
384,384,Pokrovskoye
385,385,Líbano
386,386,Bella Vista
387,387,Alençon
388,388,Tecpán Guatemala
389,389,Lendangara Satu
390,390,Kyprínos
391,391,Qiryat Shemona
392,392,Rožaje
393,393,Poitiers
394,394,Lunéville
395,395,Al Ghizlānīyah
396,396,Sychëvo
397,397,Dampol
398,398,Ares Tengah
399,399,Sbo’o
400,400,Yuza
401,401,Horad Rechytsa
402,402,Baylo
403,403,Yongfeng
404,404,Little Rock
405,405,Dalmeny
406,406,Zavoronezhskoye
407,407,Murcia
408,408,Luzhou
409,409,Shuidong
410,410,An Lão
411,411,Yanglin
412,412,Chama
413,413,Šalovci
414,414,Margotuhu Kidul
415,415,Радишани
416,416,Wilkołaz
417,417,Pameungpeuk
418,418,Echeng
419,419,Pau
420,420,Shimodate
421,421,Sadek
422,422,Quintães
423,423,Polešovice
424,424,Ijūin
425,425,Concepción
426,426,Omsukchan
427,427,Canala
428,428,Saeul
429,429,Berlin
430,430,Pelotas
431,431,Dobra
432,432,Otyń
433,433,Dijon
434,434,Sinegorskiy
435,435,Cilated
436,436,Dongtian
437,437,Wolowiro
438,438,Az Zarbah
439,439,Amagarapati
440,440,Heqiao
441,441,Vilufushi
442,442,Orange
443,443,Staryye Atagi
444,444,Mondokan
445,445,Bonsari
446,446,Shibli
447,447,Malino
448,448,Knoxville
449,449,Honkajoki
450,450,Flórina
451,451,Uwajima
452,452,Xinheng
453,453,Gushikawa
454,454,Phon Charoen
455,455,Zalewo
456,456,Soufrière
457,457,Smolenka
458,458,Włoszczowa
459,459,Stockholm
460,460,Sabana de Parra
461,461,Buniaga
462,462,Ånge
463,463,Giồng Riềng
464,464,Tbilisskaya
465,465,Edgeworthstown
466,466,Praia de Mira
467,467,Borok
468,468,Alua
469,469,Guiping
470,470,Thio
471,471,Xianghe
472,472,Wichit
473,473,Gračac
474,474,Tala
475,475,Racine
476,476,Chernelytsya
477,477,Крушопек
478,478,Huabeitun
479,479,Mucuri
480,480,Vilcún
481,481,Puputan
482,482,Täby
483,483,Czarna
484,484,Zmijavci
485,485,Maanĭt
486,486,Taibai
487,487,Yuecheng
488,488,Bileća
489,489,Cibeureum
490,490,Rönninge
491,491,Biscucuy
492,492,Futaleufú
493,493,Ostroměř
494,494,Ettelbruck
495,495,Durham
496,496,Machagai
497,497,Hualongyan
498,498,Kumai
499,499,Shadrinsk
500,500,Sollefteå
501,501,Pasirpanjang
502,502,Otyń
503,503,Sumbersih
504,504,Västerås
505,505,San Jose
506,506,Piúma
507,507,Anjirmuara
508,508,Villa Ascasubi
509,509,Yaguachi Nuevo
510,510,Mizoch
511,511,Budagovo
512,512,Simbal
513,513,Xilin Hot
514,514,Nam Khun
515,515,Muzi
516,516,Qianqiao
517,517,Vol’no-Nadezhdinskoye
518,518,Nam Som
519,519,Xinyu
520,520,Jönköping
521,521,Ciloa
522,522,Bongsri
523,523,Huxingshan
524,524,Aībak
525,525,Hongkou
526,526,Donglai
527,527,Bronx
528,528,Lubomierz
529,529,La Agustina
530,530,Thatta
531,531,Daqiao
532,532,Gränna
533,533,Guojiaba
534,534,Gamping Lor
535,535,Philadelphia
536,536,Taldan
537,537,Granja
538,538,Acobambilla
539,539,Quillo
540,540,Wulong
541,541,Lhokkruet
542,542,Maisí
543,543,Oravais
544,544,Mrągowo
545,545,Sa Bot
546,546,La Palma
547,547,Francisco Villa
548,548,Ostankinskiy
549,549,Ubinskoye
550,550,Stockholm
551,551,Vyritsa
552,552,Wólka Pełkińska
553,553,Tizguine
554,554,Kericho
555,555,Alcalá
556,556,Olleros
557,557,Guangsheng
558,558,Pringu
559,559,Alor Setar
560,560,Nangerang
561,561,Maple Ridge
562,562,Huangchen
563,563,Waiwejak
564,564,Pedroso
565,565,Fredrikstad
566,566,Aleg
567,567,San Isidro
568,568,Vuokatti
569,569,Oslo
570,570,Pécs
571,571,Kislovodsk
572,572,Leshan
573,573,Handan
574,574,Danauparis
575,575,Pelym
576,576,Černožice
577,577,Babat
578,578,Hoogeveen
579,579,Bělá pod Bezdězem
580,580,Jagna
581,581,Sūq ar Rabū‘
582,582,Jiangkou
583,583,Korsun’-Shevchenkivs’kyy
584,584,Kanggye-si
585,585,Huangcun
586,586,Velyka Bahachka
587,587,Ubajami
588,588,Ambarita
589,589,Tiegai
590,590,Shadui
591,591,Stockholm
592,592,Neryungri
593,593,Nkoteng
594,594,Dondo
595,595,Qiaozhen
596,596,Yauca
597,597,N'Djamena
598,598,Ballsh
599,599,Gayamdesa
600,600,Le Perreux-sur-Marne
601,601,Bajo Pichanaqui
602,602,Chambéry
603,603,Haugesund
604,604,Chengxi
605,605,Przemęt
606,606,Falun
607,607,Ayabe
608,608,Granada
609,609,Qingsong
610,610,Bunia
611,611,Örebro
612,612,São Caetano do Sul
613,613,Canala
614,614,Jiangpu
615,615,Agualva de Cima
616,616,Iberia
617,617,Carolina
618,618,Gadon
619,619,Asikkala
620,620,Orekhovo-Zuyevo
621,621,Villamontes
622,622,Purorejo
623,623,Dinggou
624,624,Yolöten
625,625,Nashtā Rūd
626,626,Newmarket on Fergus
627,627,Libertad
628,628,Sim
629,629,Longshi
630,630,Kawasaki
631,631,Esperanza
632,632,Hokor
633,633,La Libertad
634,634,Balongmulyo
635,635,Rājo Khanāni
636,636,Nasilava
637,637,Fuxing
638,638,Kolor
639,639,Manis Mekarwangi
640,640,Tiehe
641,641,Liaonan
642,642,Yaring
643,643,Kiev
644,644,Revelstoke
645,645,Sitampiky
646,646,Shangping
647,647,Río Campo
648,648,Cempaka
649,649,Florida
650,650,Idfu
651,651,Zuogaiduoma
652,652,Canguaretama
653,653,Suez
654,654,Paris 16
655,655,Dasiping
656,656,Vogan
657,657,Cruces
658,658,Nikolo-Pavlovskoye
659,659,Mairiporã
660,660,Kurume
661,661,La Paz Centro
662,662,Umuahia
663,663,Malunda
664,664,Lunao
665,665,Touama
666,666,Ningmute
667,667,Svilengrad
668,668,Kashirskoye
669,669,Libacao
670,670,Itiruçu
671,671,Cova Figueira
672,672,Pakxong
673,673,Cayenne
674,674,Wan Yai
675,675,Buaran
676,676,Khandagayty
677,677,Calabaca
678,678,Cové
679,679,Karlskoga
680,680,Zhongxinqiao
681,681,Pointe-à-Pitre
682,682,Jiangjia
683,683,Dębica
684,684,Aguasay
685,685,Visconde do Rio Branco
686,686,Qaxbaş
687,687,Baoxing
688,688,Svorónos
689,689,Sukhinichi
690,690,Gobernador Ingeniero Valentín Virasoro
691,691,Sfax
692,692,Srunikrajan
693,693,Bosobolo
694,694,Srinagarindra
695,695,Połomia
696,696,Ḩurayḑah
697,697,Trondheim
698,698,Cantagallo
699,699,Chiguata
700,700,Gal’bshtadt
701,701,Haruman
702,702,Kujama
703,703,Hedian
704,704,Abbottābād
705,705,Jenzan
706,706,Wiang Nuea
707,707,Pavlovka
708,708,Ochakiv
709,709,Butwāl
710,710,Donan
711,711,Taroudant
712,712,Konice
713,713,Orléans
714,714,Kangasala
715,715,Hujiaying
716,716,Dampol
717,717,Aleg
718,718,Sokhumi
719,719,Kasturi
720,720,Monte
721,721,Zaraza
722,722,Buyende
723,723,Jatobá
724,724,Ushiku
725,725,Chkalov
726,726,Paitan
727,727,Listvyanskiy
728,728,Biritiba Mirim
729,729,Qārah
730,730,Linhu
731,731,Knurów
732,732,Szprotawa
733,733,Gīdolē
734,734,Yanshi
735,735,Verbivka
736,736,Остров Пасхи
737,737,Sebadelhe
738,738,Labrang
739,739,Tim
740,740,Bankaw
741,741,Vnukovo
742,742,Linghu
743,743,Doksy
744,744,Abang
745,745,George Town
746,746,Saga
747,747,Lâm Thao
748,748,Pīrgaaj
749,749,Tabunok
750,750,Coxim
751,751,Carianos
752,752,El Bauga
753,753,Dolo
754,754,Bila Tserkva
755,755,Joaçaba
756,756,Agía Triáda
757,757,Libato
758,758,Yuncheng
759,759,Saint John’s
760,760,Cullalabo del Sur
761,761,Medenychi
762,762,Primorsko-Akhtarsk
763,763,Stará Ves nad Ondřejnicí
764,764,Aginskoye
765,765,Velyki Sorochyntsi
766,766,Nariño
767,767,Visconde do Rio Branco
768,768,Cigarogol
769,769,São Lourenço da Mata
770,770,San Isidro
771,771,Ivry-sur-Seine
772,772,Guazacapán
773,773,Khōst
774,774,Troyes
775,775,Litan
776,776,Ust’-Labinsk
777,777,San Agustin
778,778,El Cafetal
779,779,Oskarshamn
780,780,Erbil
781,781,Engenho
782,782,Saint-Denis
783,783,Sandovo
784,784,As Sulayyil
785,785,Giebułtów
786,786,Cimanggu
787,787,Nong Bua Daeng
788,788,Mocupe
789,789,Zavety Il’icha
790,790,Bobon
791,791,Villa Las Rosas
792,792,Drosáto
793,793,Maagnas
794,794,Qilin
795,795,Linhó
796,796,Jatake
797,797,Xinqiaohe
798,798,Náfplio
799,799,Carvalhal da Aroeira
800,800,Eirol
801,801,Leone
802,802,Nicosia
803,803,Yaring
804,804,Severoural’sk
805,805,Rio do Sul
806,806,Sokyryany
807,807,Amarillo
808,808,Ash Shajarah
809,809,Fulin
810,810,Dome
811,811,Wang Chan
812,812,Bakau
813,813,Riangkroko
814,814,Badong
815,815,Gaur
816,816,Larap
817,817,Talon
818,818,Napoles
819,819,Magtaking
820,820,Jimenez
821,821,Peachland
822,822,San Cristobal
823,823,Meijiang
824,824,Kalipare
825,825,Astypálaia
826,826,Albania
827,827,Cipanas
828,828,Jiangpu
829,829,Santo Antônio da Platina
830,830,Mitú
831,831,Hepingyizu
832,832,Kaabong
833,833,Shuangjing
834,834,Praia Grande
835,835,Yihe
836,836,Tielou
837,837,Hässleholm
838,838,Vacov
839,839,Reserva
840,840,Jincheng
841,841,Alepoú
842,842,Orhei
843,843,Raffingora
844,844,Täby
845,845,Göteborg
846,846,Bonao
847,847,Paranapanema
848,848,At-Bashi
849,849,Chimbote
850,850,Montpellier
851,851,Graksop
852,852,El Vigía
853,853,Kota Trieng
854,854,Dumaguil
855,855,Arganil
856,856,Thị Trấn Quán Lào
857,857,Lamadelaine
858,858,Xin’an
859,859,Viga
860,860,Liancheng
861,861,Kamenický Šenov
862,862,Balrothery
863,863,Dromiskin
864,864,Ariquemes
865,865,Bayt Līd
866,866,Haputale
867,867,Ljungskile
868,868,Lashio
869,869,Caucete
870,870,Weetombo
871,871,Machachi
872,872,Desamparados
873,873,Slunj
874,874,Imotski
875,875,Dongting
876,876,Driyorejo
877,877,Carrigaline
878,878,Huamali
879,879,Nybro
880,880,Laocheng
881,881,Pallasca
882,882,Falun
883,883,Deqing
884,884,Kesabpur
885,885,Hödrögö
886,886,Sandy Bay
887,887,Caoping
888,888,Kuangyuan
889,889,Providencia
890,890,Ryazanskiy
891,891,Huayan
892,892,Luzern
893,893,São Sebastião
894,894,Ribafria
895,895,San Eugenio
896,896,Dębno
897,897,Moss
898,898,Ban Takhun
899,899,Babakan
900,900,Sukasari
901,901,Shuikou
902,902,Nanmu
903,903,Stockholm
904,904,Yanglong
905,905,Dingzigu
906,906,San Vicente de Moravia
907,907,Dauphin
908,908,Naperville
909,909,Toulon
910,910,Kalynivka
911,911,Kalumpang
912,912,Monte Plata
913,913,Youzha
914,914,Bāglung
915,915,Perpignan
916,916,Kertosari
917,917,Agenebode
918,918,Chalu
919,919,Weekombaka
920,920,Poste du Lac
921,921,Salmi
922,922,Prnjavor
923,923,Baruny
924,924,Daguyun
925,925,Bajingmeduro
926,926,Aíyira
927,927,Cemplang
928,928,General Luna
929,929,Dongdong
930,930,Companhia de Baixo
931,931,Vagney
932,932,Inazawa
933,933,Dallas
934,934,Arcueil
935,935,Shezë
936,936,Alverca do Ribatejo
937,937,Cola
938,938,Cortes
939,939,Raoshi
940,940,Cockburn Town
941,941,Batan
942,942,Heze
943,943,Pathum Thani
944,944,Na Thawi
945,945,Ratnapura
946,946,Biny Selo
947,947,Hongyanxi
948,948,Shatian
949,949,Pantin
950,950,Pingzhuang
951,951,Buray
952,952,Wang Noi
953,953,‘Akko
954,954,Huaylillas
955,955,San Miguel Dueñas
956,956,Babakankiray
957,957,Kota Kinabalu
958,958,Tsákoi
959,959,Caseros
960,960,Indramayu
961,961,Laboulaye
962,962,Ängelholm
963,963,Santa Gertrudes
964,964,Jaworzynka
965,965,Sorang
966,966,Rechka
967,967,Listvyanka
968,968,Dajie
969,969,Łęknica
970,970,Karata
971,971,Évreux
972,972,Clichy
973,973,Otutara
974,974,Riversdale
975,975,Bukal
976,976,Caçapava
977,977,Amargosa
978,978,Zhongxiang
979,979,Bromma
980,980,Villa María
981,981,Suncun
982,982,Cluses
983,983,Acomayo
984,984,Huangtan
985,985,Hemudu
986,986,Baardheere
987,987,Itaporanga
988,988,Vlorë
989,989,Hadabei
990,990,Imider
991,991,Korba
992,992,Zacatecoluca
993,993,Yabuli
994,994,Lacabamba
995,995,Shatou
996,996,Uglegorsk
997,997,Jetak
998,998,Chigang
999,999,Tarutung
1000,1000,Boisbriand
